{"cameraMode":{"drawMode":0,"name":"Shaded","section":"Shading Mode"},"sceneLighting":false,"audioPlay":false,"sceneViewState":{"showFog":true,"showMaterialUpdate":false,"showSkybox":false,"showFlares":true,"showImageEffects":true,"showParticleSystems":true},"in2DMode":false,"pivot":{"x":9.649142265319825,"y":5.084414005279541,"z":-19.684326171875},"rotation":{"x":-0.07348556071519852,"y":0.34193912148475649,"z":-0.026831327006220819,"w":-0.9364662170410156},"size":0.799839198589325,"orthographic":false}