{"cameraMode":{"drawMode":0,"name":"Shaded","section":"Shading Mode"},"sceneLighting":false,"audioPlay":false,"sceneViewState":{"showFog":true,"showMaterialUpdate":false,"showSkybox":false,"showFlares":true,"showImageEffects":true,"showParticleSystems":true},"in2DMode":false,"pivot":{"x":0.7374275326728821,"y":0.6821266412734985,"z":0.11308875679969788},"rotation":{"x":-0.05366503819823265,"y":0.026655573397874833,"z":-0.0014327318640425802,"w":-0.9982056021690369},"size":2.7590601444244386,"orthographic":false}