{"cameraMode":{"drawMode":0,"name":"Shaded","section":"Shading Mode"},"sceneLighting":false,"audioPlay":false,"sceneViewState":{"showFog":true,"showMaterialUpdate":false,"showSkybox":false,"showFlares":true,"showImageEffects":true,"showParticleSystems":true},"in2DMode":false,"pivot":{"x":0.018858272582292558,"y":-0.4875049591064453,"z":-0.14154991507530213},"rotation":{"x":-0.14084118604660035,"y":0.0005903196288272738,"z":-0.00008419379446422681,"w":-0.9900371432304382},"size":1.2232413291931153,"orthographic":false}